{"Computer1":9999999999,"Computer2":9999999999,"Computer3":9999999999,"erik":13.390499,"Erik":25.269357,"strom":14.326318,"adlksfja":17.445604,"adsl;fj":12.28639}